<?xml version="1.0" encoding="utf-8"?>
<BookNames>
  <book code="GEN" abbr="1. Moos." short="1. Mooses" long="Ensimmäinen Mooseksen kirja" />
  <book code="EXO" abbr="2. Moos." short="2. Mooses" long="Toinen Mooseksen kirja" />
  <book code="LEV" abbr="3. Moos." short="3. Mooses" long="Kolmas Mooseksen kirja" />
  <book code="NUM" abbr="4. Moos." short="4. Mooses" long="Neljäs Mooseksen kirja" />
  <book code="DEU" abbr="5. Moos." short="5. Mooses" long="Viides Mooseksen kirja" />
  <book code="JOS" abbr="Joos." short="Joosua" long="Joosuan kirja" />
  <book code="JDG" abbr="Tuom." short="Tuomarien kirja" long="Tuomarien kirja" />
  <book code="RUT" abbr="Ruut" short="Ruut" long="Ruutin kirja" />
  <book code="1SA" abbr="1. Sam." short="1. Samuel" long="Ensimmäinen Samuelin kirja" />
  <book code="2SA" abbr="2. Sam." short="2. Samuel" long="Toinen Samuelin kirja" />
  <book code="1KI" abbr="1. Kun." short="1. Kuningas" long="Ensimmäinen kuninkaiden kirja" />
  <book code="2KI" abbr="2. Kun." short="2. Kuningas" long="Toinen kuninkaiden kirja" />
  <book code="1CH" abbr="1. Aik." short="1. Aikakirja" long="Ensimmäinen aikakirja" />
  <book code="2CH" abbr="2. Aik." short="2. Aikakirja" long="Toinen aikakirja" />
  <book code="EZR" abbr="Esra" short="Esra" long="Esran kirja" />
  <book code="NEH" abbr="Neh." short="Nehemia" long="Nehemian kirja" />
  <book code="EST" abbr="Est." short="Ester" long="Esterin kirja" />
  <book code="JOB" abbr="Job" short="Job" long="Jobin kirja" />
  <book code="PSA" abbr="Ps." short="Psalmit" long="Psalmien kirja" />
  <book code="PRO" abbr="Snl." short="Sananlaskut" long="Sananlaskujen kirja" />
  <book code="ECC" abbr="Srn." short="Saarnaaja" long="Saarnaajan kirja" />
  <book code="SNG" abbr="Ll." short="Laulujen laulu" long="Laulujen laulu" />
  <book code="ISA" abbr="Jes." short="Jesaja" long="Jesajan kirja" />
  <book code="JER" abbr="Jer." short="Jeremia" long="Jeremian kirja" />
  <book code="LAM" abbr="Valit." short="Valitusvirret" long="Valitusvirret" />
  <book code="EZK" abbr="Hes." short="Hesekiel" long="Hesekielin kirja" />
  <book code="DAN" abbr="Dan." short="Daniel" long="Danielin kirja" />
  <book code="HOS" abbr="Hoos." short="Hoosea" long="Hoosean kirja" />
  <book code="JOL" abbr="Joel" short="Joel" long="Joelin kirja" />
  <book code="AMO" abbr="Aam." short="Aamos" long="Aamoksen kirja" />
  <book code="OBA" abbr="Ob." short="Obadja" long="Obadjan kirja" />
  <book code="JON" abbr="Joona" short="Joona" long="Joonan kirja" />
  <book code="MIC" abbr="Miika" short="Miika" long="Miikan kirja" />
  <book code="NAM" abbr="Nah." short="Nahum" long="Nahumin kirja" />
  <book code="HAB" abbr="Hab." short="Habakuk" long="Habakukin kirja" />
  <book code="ZEP" abbr="Sef." short="Sefanja" long="Sefanjan kirja" />
  <book code="HAG" abbr="Hagg." short="Haggai" long="Haggain kirja" />
  <book code="ZEC" abbr="Sak." short="Sakarja" long="Sakarjan kirja" />
  <book code="MAL" abbr="Mal." short="Malakia" long="Malakian kirja" />
  <book code="MAT" abbr="Matt." short="Matteus" long="Ilosanoma Matteuksen mukaan" />
  <book code="MRK" abbr="Mark." short="Markus" long="Ilosanoma Markuksen mukaan" />
  <book code="LUK" abbr="Luuk." short="Luukas" long="Ilosanoma Luukkaan mukaan" />
  <book code="JHN" abbr="Joh." short="Johannes" long="Ilosanoma Johanneksen mukaan" />
  <book code="ACT" abbr="Apt." short="Apostolien teot" long="Apostolien teot" />
  <book code="ROM" abbr="Room." short="Rooma" long="Kirje roomalaisille" />
  <book code="1CO" abbr="1. Kor." short="1. Korintti" long="Ensimmäinen kirje korinttilaisille" />
  <book code="2CO" abbr="2. Kor." short="2. Korintti" long="Toinen kirje korinttilaisille" />
  <book code="GAL" abbr="Gal." short="Galata" long="Kirje galatalaisille" />
  <book code="EPH" abbr="Ef." short="Efeso" long="Kirje efesolaisille" />
  <book code="PHP" abbr="Fil." short="Filippi" long="Kirje filippiläisille" />
  <book code="COL" abbr="Kol." short="Kolossa" long="Kirje kolossalaisille" />
  <book code="1TH" abbr="1. Tess." short="1. Tessalonika" long="Ensimmäinen kirje tessalonikalaisille" />
  <book code="2TH" abbr="2. Tess." short="2. Tessalonika" long="Toinen kirje tessalonikalaisille" />
  <book code="1TI" abbr="1. Tim." short="1. Timoteus" long="Ensimmäinen kirje Timoteukselle" />
  <book code="2TI" abbr="2. Tim." short="2. Timoteus" long="Toinen kirje Timoteukselle" />
  <book code="TIT" abbr="Tit." short="Titus" long="Kirje Titukselle" />
  <book code="PHM" abbr="Filem." short="Filemon" long="Kirje Filemonille" />
  <book code="HEB" abbr="Hepr." short="Heprea" long="Kirje heprealaisille" />
  <book code="JAS" abbr="Jaak." short="Jaakob" long="Jaakobin kirje" />
  <book code="1PE" abbr="1. Piet." short="1. Pietari" long="Ensimmäinen Pietarin kirje" />
  <book code="2PE" abbr="2. Piet." short="2. Pietari" long="Toinen Pietarin kirje" />
  <book code="1JN" abbr="1. Joh." short="1. Johannes" long="Ensimmäinen Johanneksen kirje" />
  <book code="2JN" abbr="2. Joh." short="2. Johannes" long="Toinen Johanneksen kirje" />
  <book code="3JN" abbr="3. Joh." short="3. Johannes" long="Kolmas Johanneksen kirje" />
  <book code="JUD" abbr="Juud." short="Juudas" long="Juudaksen kirje" />
  <book code="REV" abbr="Ilm." short="Ilmestyskirja" long="Johanneksen ilmestys" />
</BookNames>